<?xml version="1.0" encoding="UTF-8"?>
<project-private xmlns="http://www.netbeans.org/ns/project-private/1">
    <editor-bookmarks xmlns="http://www.netbeans.org/ns/editor-bookmarks/2" lastBookmarkId="0"/>
    <open-files xmlns="http://www.netbeans.org/ns/projectui-open-files/2">
        <group>
            <file>file:/C:/Users/comqsjb/Desktop/videoClipper2/src/embeddedmediaplayer/MediaControl.java</file>
            <file>file:/C:/Users/comqsjb/Desktop/videoClipper2/src/embeddedmediaplayer/Clip.java</file>
            <file>file:/C:/Users/comqsjb/Desktop/videoClipper2/src/embeddedmediaplayer/EmbeddedMediaPlayer.java</file>
            <file>file:/C:/Users/comqsjb/Desktop/videoClipper2/test/embeddedmediaplayer/ClipTest.java</file>
        </group>
    </open-files>
</project-private>
